tile	water	lava
cactus		
cactus		
cactus		
cactus		
cactus		
cactus		
empty tile		
empty tile		
empty tile		
cactus		
cactus		
cactus		
cactus		
cactus		
cactus		
cactus		
cactus		
cactus		
cactus		
cactus		
cactus		
cactus		
cactus		
empty tile		
empty tile		
cactus		
cactus		
cactus		
cactus		
cactus		
cactus		
cactus		
cactus		
cactus		
cactus		
cactus		
empty tile		
empty tile		
empty tile		
empty tile		
empty tile		
cactus		
cactus		
cactus		
cactus		
cactus		
cactus		
cactus		
cactus		
cactus		
cactus		
cactus		
empty tile		
empty tile		
empty tile		
empty tile		
empty tile		
empty tile		
cactus		
cactus		
cactus		
cactus		
cactus		
cactus		
cactus		
empty tile		
empty tile		
empty tile		
empty tile		
sal the mander		
empty tile		
empty tile		
empty tile		
empty tile		
empty tile		
empty tile		
empty tile		
sal the mander		
empty tile		
empty tile		
empty tile		
empty tile		
empty tile		
empty tile		
empty tile		
sal the mander		
empty tile		
empty tile		
empty tile		
empty tile		
empty tile		
empty tile		
empty tile		
cactus		
cactus		
empty tile		
empty tile		
empty tile		
empty tile		
empty tile		
sal the mander		
empty tile		
empty tile		
empty tile		
empty tile		
empty tile		
empty tile		
empty tile		
sal the mander		
empty tile		
empty tile		
empty tile		
empty tile		
empty tile		
empty tile		
empty tile		
sal the mander		
empty tile		
empty tile		
empty tile		
empty tile		
empty tile		
empty tile		
empty tile		
cactus		
cactus		
empty tile		
empty tile		
empty tile		
empty tile		
empty tile		
sal the mander		
empty tile		
empty tile		
empty tile		
empty tile		
empty tile		
empty tile		
empty tile		
sal the mander		
empty tile		
empty tile		
empty tile		
empty tile		
empty tile		
empty tile		
empty tile		
sal the mander		
empty tile		
empty tile		
empty tile		
empty tile		
empty tile		
empty tile		
empty tile		
cactus		
cactus		
empty tile		
empty tile		
empty tile		
empty tile		
empty tile		
sal the mander		
empty tile		
empty tile		
empty tile		
empty tile		
empty tile		
empty tile		
empty tile		
sal the mander		
empty tile		
empty tile		
empty tile		
empty tile		
empty tile		
empty tile		
empty tile		
sal the mander		
empty tile		
empty tile		
empty tile		
empty tile		
empty tile		
empty tile		
empty tile		
cactus		
cactus		
empty tile		
empty tile		
empty tile		
empty tile		
empty tile		
empty tile		
empty tile		
empty tile		
empty tile		
empty tile		
empty tile		
empty tile		
empty tile		
empty tile		
empty tile		
empty tile		
empty tile		
empty tile		
empty tile		
empty tile		
empty tile		
sal the mander		
empty tile		
empty tile		
empty tile		
empty tile		
empty tile		
empty tile		
empty tile		
cactus		
cactus		
sal the mander		
sal the mander		
sal the mander		
sal the mander		
empty tile		
empty tile		
empty tile		
empty tile		
empty tile	1	
empty tile	1	
empty tile	1	
empty tile	1	
empty tile	1	
empty tile	1	
empty tile	1	
empty tile	1	
empty tile		
empty tile		
empty tile		
sal the mander		
sal the mander		
empty tile		
sal the mander		
sal the mander		
sal the mander		
empty tile		
sal the mander		
sal the mander		
sal the mander		
cactus		
cactus		
empty tile		
empty tile		
empty tile		
empty tile		
empty tile		
empty tile		
empty tile	1	
empty tile	1	
empty tile	1	
empty tile	1	
empty tile		
empty tile		
empty tile		
empty tile		
empty tile		
empty tile	1	
empty tile	1	
empty tile		
empty tile		
empty tile		
empty tile		
sal the mander		
empty tile		
empty tile		
empty tile		
empty tile		
empty tile		
empty tile		
empty tile		
cactus		
cactus		
empty tile		
empty tile		
empty tile		
empty tile		
empty tile		
empty tile	1	
empty tile	1	
empty tile	1	
empty tile		
empty tile		
empty tile		
empty tile		
empty tile		
sal the mander		
empty tile		
empty tile		
empty tile	1	
empty tile	1	
empty tile		
empty tile		
empty tile		
sal the mander		
empty tile		
empty tile		
empty tile		
empty tile		
empty tile		
empty tile		
empty tile		
cactus		
cactus		
empty tile		
empty tile		
empty tile		
empty tile		
empty tile		
empty tile	1	
empty tile	1	
empty tile		
empty tile		
empty tile		
empty tile		
empty tile		
empty tile		
sal the mander		
empty tile		
empty tile		
empty tile		
empty tile	1	
empty tile		
empty tile		
empty tile		
sal the mander		
empty tile		
empty tile		
empty tile		
empty tile		
empty tile		
empty tile		
empty tile		
cactus		
cactus		
empty tile		
empty tile		
empty tile		
empty tile		
empty tile	1	
empty tile	1	
empty tile	1	
empty tile		
empty tile		
empty tile		
empty tile		
empty tile		
empty tile		
empty tile		
empty tile		
empty tile		
empty tile		
empty tile	1	
empty tile		
empty tile		
empty tile		
empty tile		
empty tile		
empty tile		
empty tile		
empty tile		
empty tile		
empty tile		
empty tile		
cactus		
cactus		
empty tile		
empty tile		
empty tile		
empty tile		
empty tile	1	
empty tile	1	
empty tile		
empty tile		
empty tile		
empty tile		
empty tile		
empty tile		
empty tile		
sal the mander		
empty tile		
empty tile		
empty tile		
empty tile	1	
empty tile		
empty tile		
empty tile		
sal the mander		
empty tile		
empty tile		
empty tile		
empty tile		
empty tile		
empty tile		
empty tile		
cactus		
empty tile		
empty tile		
empty tile		
empty tile		
empty tile	1	
empty tile	1	
empty tile	1	
empty tile		
empty tile		
empty tile		
empty tile		
empty tile		
empty tile		
empty tile		
sal the mander		
empty tile		
empty tile		
empty tile		
empty tile	1	
empty tile		
empty tile		
empty tile		
sal the mander		
empty tile		
empty tile		
empty tile		
empty tile		
empty tile		
empty tile		
empty tile		
empty tile	1	
empty tile	1	
empty tile	1	
empty tile	1	
empty tile	1	
empty tile	1	
empty tile	1	
empty tile	1	
empty tile		
empty tile		
empty tile		
empty tile		
empty tile		
empty tile		
empty tile		
empty tile		
empty tile		
empty tile		
empty tile	1	
empty tile	1	
empty tile		
empty tile		
empty tile		
empty tile		
empty tile		
empty tile		
empty tile		
empty tile		
empty tile		1
empty tile		1
empty tile		1
empty tile	1	
empty tile	1	
empty tile	1	
empty tile	1	
empty tile	1	
empty tile	1	
empty tile	1	
empty tile		
empty tile		
empty tile		
empty tile		
empty tile		
empty tile		1
empty tile		1
empty tile		
empty tile		
empty tile		
empty tile	1	
empty tile	1	
empty tile		
empty tile		
empty tile		
empty tile		
empty tile		
empty tile		
empty tile		
empty tile		1
empty tile		1
empty tile		1
empty tile		1
empty tile		1
empty tile	1	
empty tile	1	
empty tile	1	
empty tile	1	
empty tile	1	
empty tile		
empty tile		
empty tile		
empty tile		
empty tile		
empty tile		
empty tile		1
empty tile		1
empty tile		
empty tile		
empty tile		
empty tile		
empty tile		
empty tile		
empty tile		
empty tile		
empty tile		
empty tile		
empty tile		
empty tile		1
empty tile		1
empty tile		1
empty tile		1
empty tile		1
empty tile		1
empty tile		1
cactus		
empty tile		
empty tile		
empty tile		
empty tile		
empty tile		
empty tile		
sal the mander		
empty tile		
empty tile		
empty tile		
empty tile		1
empty tile		
empty tile		
empty tile		
sal the mander		
empty tile		
empty tile		
empty tile		
empty tile		
empty tile		
empty tile		
empty tile		
empty tile		
empty tile		1
empty tile		1
empty tile		1
empty tile		1
empty tile		1
empty tile		
empty tile		
cactus		
cactus		
empty tile		
empty tile		
empty tile		
empty tile		
empty tile		
sal the mander		
empty tile		
empty tile		
empty tile		
empty tile		1
empty tile		
empty tile		
empty tile		
sal the mander		
empty tile		
empty tile		
empty tile		
empty tile		
empty tile		
empty tile		
empty tile		
empty tile		1
empty tile		1
empty tile		1
empty tile		
empty tile		
empty tile		
empty tile		
empty tile		
cactus		
cactus		
empty tile		
empty tile		
empty tile		
empty tile		
empty tile		
empty tile		
empty tile		
empty tile		
empty tile		
empty tile		1
empty tile		1
empty tile		
empty tile		
empty tile		
empty tile		
empty tile		
empty tile		
empty tile		
empty tile		
empty tile		
empty tile		
empty tile		1
empty tile		1
empty tile		1
empty tile		
empty tile		
empty tile		
empty tile		
empty tile		
cactus		
cactus		
empty tile		
empty tile		
empty tile		
empty tile		
empty tile		
sal the mander		
empty tile		
empty tile		
empty tile		
empty tile		
empty tile		1
empty tile		1
empty tile		
empty tile		
empty tile		
empty tile		
empty tile		
empty tile		
empty tile		
empty tile		
empty tile		1
empty tile		1
empty tile		1
empty tile		
empty tile		
empty tile		
empty tile		
empty tile		
empty tile		
cactus		
cactus		
empty tile		
empty tile		
empty tile		
empty tile		
empty tile		
sal the mander		
empty tile		
empty tile		
empty tile		
empty tile		
empty tile		
empty tile		1
empty tile		1
empty tile		1
empty tile		1
empty tile		
empty tile		
empty tile		
empty tile		1
empty tile		1
empty tile		1
empty tile		1
empty tile		
empty tile		
empty tile		
empty tile		
empty tile		
empty tile		
empty tile		
cactus		
cactus		
empty tile		
empty tile		
empty tile		
empty tile		
empty tile		
sal the mander		
empty tile		
empty tile		
empty tile		
empty tile		
empty tile		
empty tile		
empty tile		1
empty tile		1
empty tile		1
empty tile		1
empty tile		1
empty tile		1
empty tile		1
empty tile		1
empty tile		1
empty tile		
empty tile		
empty tile		
empty tile		
empty tile		
empty tile		
empty tile		
empty tile		
cactus		
cactus		
sal the mander		
empty tile		
sal the mander		
sal the mander		
sal the mander		
empty tile		
sal the mander		
sal the mander		
empty tile		
empty tile		
empty tile		
empty tile		
empty tile		
empty tile		
empty tile		1
empty tile		1
empty tile		1
empty tile		1
empty tile		1
empty tile		1
empty tile		
empty tile		
empty tile		
sal the mander		
sal the mander		
empty tile		
sal the mander		
sal the mander		
sal the mander		
cactus		
cactus		
empty tile		
empty tile		
empty tile		
empty tile		
empty tile		
sal the mander		
empty tile		
empty tile		
empty tile		
empty tile		
empty tile		
empty tile		
empty tile		
empty tile		
empty tile		
empty tile		
empty tile		
empty tile		
empty tile		
empty tile		
empty tile		
empty tile		
empty tile		
empty tile		
empty tile		
empty tile		
empty tile		
empty tile		
empty tile		
cactus		
cactus		
empty tile		
empty tile		
empty tile		
empty tile		
empty tile		
sal the mander		
empty tile		
empty tile		
empty tile		
empty tile		
empty tile		
empty tile		
empty tile		
sal the mander		
empty tile		
empty tile		
empty tile		
empty tile		
empty tile		
empty tile		
empty tile		
sal the mander		
empty tile		
empty tile		
empty tile		
empty tile		
empty tile		
empty tile		
empty tile		
cactus		
cactus		
empty tile		
empty tile		
empty tile		
empty tile		
empty tile		
sal the mander		
empty tile		
empty tile		
empty tile		
empty tile		
empty tile		
empty tile		
empty tile		
sal the mander		
empty tile		
empty tile		
empty tile		
empty tile		
empty tile		
empty tile		
empty tile		
sal the mander		
empty tile		
empty tile		
empty tile		
empty tile		
empty tile		
empty tile		
empty tile		
cactus		
cactus		
empty tile		
empty tile		
empty tile		
empty tile		
empty tile		
empty tile		
empty tile		
empty tile		
empty tile		
empty tile		
empty tile		
empty tile		
empty tile		
empty tile		
empty tile		
empty tile		
empty tile		
empty tile		
empty tile		
empty tile		
empty tile		
empty tile		
empty tile		
empty tile		
empty tile		
empty tile		
empty tile		
empty tile		
empty tile		
cactus		
empty tile		
empty tile		
empty tile		
empty tile		
empty tile		
empty tile		
sal the mander		
empty tile		
empty tile		
empty tile		
empty tile		
empty tile		
empty tile		
empty tile		
sal the mander		
empty tile		
empty tile		
empty tile		
empty tile		
empty tile		
empty tile		
empty tile		
sal the mander		
empty tile		
empty tile		
empty tile		
empty tile		
empty tile		
empty tile		
empty tile		
empty tile		
empty tile		
empty tile		
empty tile		
empty tile		
empty tile		
empty tile		
sal the mander		
empty tile		
empty tile		
empty tile		
empty tile		
empty tile		
empty tile		
empty tile		
sal the mander		
empty tile		
empty tile		
empty tile		
empty tile		
empty tile		
empty tile		
empty tile		
sal the mander		
empty tile		
empty tile		
empty tile		
empty tile		
empty tile		
empty tile		
empty tile		
empty tile		
empty tile		
empty tile		
empty tile		
empty tile		
empty tile		
empty tile		
sal the mander		
empty tile		
empty tile		
empty tile		
empty tile		
empty tile		
empty tile		
empty tile		
sal the mander		
empty tile		
empty tile		
empty tile		
empty tile		
empty tile		
empty tile		
empty tile		
sal the mander		
empty tile		
empty tile		
empty tile		
empty tile		
empty tile		
empty tile		
empty tile		
cactus		
cactus		
cactus		
cactus		
cactus		
cactus		
cactus		
empty tile		
empty tile		
cactus		
cactus		
cactus		
cactus		
cactus		
cactus		
cactus		
cactus		
cactus		
cactus		
cactus		
cactus		
cactus		
cactus		
cactus		
cactus		
empty tile		
cactus		
cactus		
cactus		
cactus		
cactus		
cactus		
cactus		
cactus		
cactus		
cactus		
cactus		
empty tile		
empty tile		
empty tile		
empty tile		
cactus		
cactus		
cactus		
cactus		
cactus		
cactus		
cactus		
cactus		
cactus		
cactus		
cactus		
cactus		
cactus		
cactus		
empty tile		
empty tile		
empty tile		
cactus		
cactus		
cactus		
cactus		
empty tile		
cactus		
cactus		
empty tile		
cactus		
empty tile		
empty tile		
cactus		
empty tile		
empty tile		
empty tile		
empty tile		
empty tile		
cactus		
cactus		
cactus		
cactus		
cactus		
cactus		
cactus		
empty tile		
cactus		
empty tile		
empty tile		
empty tile		
empty tile		
empty tile		
empty tile		
cactus		
cactus		
cactus		
empty tile		
empty tile		
empty tile		
empty tile		
empty tile		
empty tile		
empty tile		
empty tile		
empty tile		
cactus		
empty tile		
empty tile		
empty tile		
empty tile		
empty tile		
cactus		
empty tile		
empty tile		
cactus		
empty tile		
empty tile		
empty tile		
empty tile		
empty tile		
empty tile		
cactus		
empty tile		
empty tile		
cactus		
cactus		
cactus		
empty tile		
empty tile		
empty tile		
empty tile		
empty tile		
cactus		
empty tile		
cactus		
empty tile		
empty tile		
empty tile		
cactus		
empty tile		
empty tile		
empty tile		
empty tile		
empty tile		
empty tile		
empty tile		
empty tile		
empty tile		
empty tile		
cactus		
empty tile		
empty tile		
empty tile		
empty tile		
empty tile		
cactus		
cactus		
cactus		
empty tile		
empty tile		
empty tile		
empty tile		
empty tile		
empty tile		
empty tile		
empty tile		
empty tile		
empty tile		
empty tile		
empty tile		
empty tile		
empty tile		
empty tile		
empty tile		
empty tile		
empty tile		
cactus		
empty tile		
empty tile		
empty tile		
empty tile		
empty tile		
cactus		
empty tile		
empty tile		
empty tile		
empty tile		
cactus		
cactus		
empty tile		
empty tile		
empty tile		
empty tile		
empty tile		
empty tile		
empty tile		
empty tile		
empty tile		
empty tile		
empty tile		
empty tile		
empty tile		
empty tile		
empty tile		
cactus		
empty tile		
empty tile		
empty tile		
empty tile		
empty tile		
empty tile		
empty tile		
empty tile		
empty tile		
empty tile		
empty tile		
empty tile		
cactus		
cactus		
cactus		
empty tile		
empty tile		
cactus		
empty tile		
cactus		
empty tile		
empty tile		
empty tile		
cactus		
empty tile		
cactus		
empty tile		
empty tile		
empty tile		
cactus		
empty tile		
cactus		
empty tile		
cactus		
empty tile		
cactus		
empty tile		
empty tile		
jennie		
empty tile		
empty tile		
cactus		
empty tile		
empty tile		
cactus		
cactus		
empty tile		
empty tile		
empty tile		
empty tile		
empty tile		
empty tile		
empty tile		
cactus		
empty tile		
empty tile		
empty tile		
empty tile		
empty tile		
empty tile		
empty tile		
cactus		
empty tile		
empty tile		
empty tile		
empty tile		
empty tile		
empty tile		
empty tile		
empty tile		1
empty tile		
empty tile		
empty tile		
empty tile		
empty tile		
cactus		
cactus		
empty tile		
empty tile		
empty tile		
empty tile		
empty tile		
empty tile		
empty tile		
empty tile		
empty tile		
empty tile		
empty tile		
empty tile		
empty tile		
empty tile		
empty tile		
empty tile		
empty tile		
empty tile		
empty tile		
empty tile		
empty tile		
empty tile		
empty tile		
empty tile		1
empty tile		
empty tile		
empty tile		
empty tile		
cactus		
cactus		
cactus		
empty tile		
cactus		
empty tile		
empty tile		
empty tile		
empty tile		
empty tile		
cactus		
empty tile		
empty tile		
empty tile		
cactus		
empty tile		
empty tile		
empty tile		
empty tile		
empty tile		
cactus		
empty tile		
empty tile		
empty tile		
empty tile		
empty tile		
empty tile		1
empty tile		
empty tile		
empty tile		
empty tile		
empty tile		
cactus		
cactus		
empty tile		
empty tile		
empty tile		
empty tile		
cactus		
empty tile		
empty tile		
empty tile		
empty tile		
empty tile		
empty tile		
empty tile		
empty tile		
empty tile		
empty tile		
empty tile		
empty tile		
empty tile		
empty tile		
empty tile		
empty tile		
empty tile		
empty tile		
empty tile		1
empty tile		
cactus		
cactus		
empty tile		
empty tile		
cactus		
cactus		
empty tile		
empty tile		
empty tile		
empty tile		
empty tile		
empty tile		
empty tile		
cactus		
empty tile		
empty tile		
empty tile		
empty tile		
empty tile		
empty tile		
empty tile		
cactus		
empty tile		
empty tile		
empty tile		
empty tile		
empty tile		
empty tile		
empty tile		1
empty tile		1
empty tile		
empty tile		
empty tile		
empty tile		
empty tile		
empty tile		
cactus		
empty tile		
empty tile		
empty tile		
empty tile		
empty tile		
empty tile		
empty tile		
empty tile		
empty tile		
empty tile		
empty tile		
empty tile		
empty tile		
empty tile		
empty tile		
empty tile		
empty tile		
empty tile		
empty tile		
empty tile		1
empty tile		1
empty tile		1
empty tile		1
empty tile		1
empty tile		
empty tile		
empty tile		
cactus		
empty tile		
empty tile		
cactus		
empty tile		1
empty tile		1
empty tile		1
empty tile		1
empty tile		1
empty tile		1
empty tile		1
empty tile		1
empty tile		1
empty tile		1
empty tile		1
empty tile		1
empty tile		1
empty tile		1
empty tile		1
empty tile		1
empty tile		1
empty tile		1
empty tile		1
empty tile		1
empty tile		1
empty tile		1
empty tile		1
empty tile		
empty tile		
empty tile		
empty tile		
empty tile		
empty tile		
empty tile		
empty tile		
empty tile		1
empty tile		1
empty tile		1
empty tile		1
empty tile		1
empty tile		1
empty tile		1
empty tile		1
empty tile		1
empty tile		1
empty tile		1
empty tile		1
empty tile		1
empty tile		1
empty tile		1
empty tile		1
empty tile		1
empty tile		1
empty tile		1
empty tile		1
empty tile		1
empty tile		
empty tile		
empty tile		
empty tile		
empty tile		
cactus		
empty tile		
empty tile		
cactus		
empty tile		
empty tile		1
empty tile		1
empty tile		1
empty tile		1
empty tile		1
empty tile		1
empty tile		1
empty tile		1
empty tile		1
empty tile		
empty tile		
empty tile		
empty tile		
empty tile		
empty tile		
empty tile		
empty tile		
empty tile		
empty tile		
empty tile		
empty tile		
empty tile		
empty tile		
empty tile		
empty tile		
cactus		
empty tile		
empty tile		
empty tile		
empty tile		
empty tile		
empty tile		
empty tile		
empty tile		
empty tile		
empty tile		
empty tile		
empty tile		1
empty tile		1
empty tile		
empty tile		
empty tile		
empty tile		
cactus		
empty tile		
empty tile		
cactus		
empty tile		
empty tile		
empty tile		
empty tile		
cactus		
empty tile		
empty tile		
empty tile		
empty tile		
empty tile		
empty tile		
cactus		
empty tile		
empty tile		
cactus		
empty tile		
empty tile		
empty tile		
cactus		
empty tile		
empty tile		
empty tile		
empty tile		1
empty tile		
cactus		
empty tile		
empty tile		
empty tile		
empty tile		
empty tile		
empty tile		
empty tile		
empty tile		
empty tile		
empty tile		
empty tile		
empty tile		
empty tile		
cactus		
empty tile		
empty tile		
empty tile		
empty tile		
empty tile		
empty tile		
cactus		
empty tile		
empty tile		
empty tile		
empty tile		
empty tile		
empty tile		
empty tile		
empty tile		1
empty tile		
empty tile		
empty tile		
empty tile		
empty tile		
empty tile		
empty tile		
empty tile		
empty tile		
cactus		
empty tile		
empty tile		
empty tile		
empty tile		
empty tile		
empty tile		
empty tile		
empty tile		
cactus		
empty tile		
empty tile		
cactus		
cactus		
empty tile		
cactus		
empty tile		
empty tile		
empty tile		
empty tile		
empty tile		
empty tile		1
empty tile		
empty tile		
empty tile		
empty tile		
cactus		
empty tile		
empty tile		
cactus		
empty tile		
empty tile		
empty tile		
empty tile		
empty tile		
empty tile		
empty tile		
cactus		
empty tile		
empty tile		
empty tile		
empty tile		
empty tile		
cactus		
cactus		
empty tile		
empty tile		
empty tile		
empty tile		
empty tile		
empty tile		
empty tile		
empty tile		1
empty tile		
empty tile		
cactus		
empty tile		
empty tile		
empty tile		
empty tile		
empty tile		
empty tile		
empty tile		
empty tile		
empty tile		
empty tile		
empty tile		
empty tile		
empty tile		
empty tile		
empty tile		
empty tile		
cactus		
empty tile		
cactus		
cactus		
empty tile		
empty tile		
empty tile		
cactus		
empty tile		
empty tile		
empty tile		
empty tile		1
empty tile		
empty tile		
empty tile		
empty tile		
empty tile		
empty tile		
empty tile		
cactus		
empty tile		
empty tile		
empty tile		
empty tile		
empty tile		
empty tile		
empty tile		
empty tile		
empty tile		
cactus		
empty tile		
empty tile		
empty tile		
cactus		
cactus		
empty tile		
empty tile		
cactus		
empty tile		
empty tile		
empty tile		
empty tile		
gene		
empty tile		
empty tile		
empty tile		
empty tile		
cactus		
empty tile		
cactus		
empty tile		
empty tile		
cactus		
empty tile		
empty tile		
empty tile		
empty tile		
cactus		
empty tile		
empty tile		
empty tile		
empty tile		
empty tile		
cactus		
cactus		
cactus		
empty tile		
empty tile		
empty tile		
empty tile		
cactus		
empty tile		
empty tile		
empty tile		
empty tile		
cactus		
empty tile		
empty tile		
empty tile		
empty tile		
empty tile		
empty tile		
empty tile		
empty tile		
empty tile		
empty tile		
empty tile		
empty tile		
empty tile		
empty tile		
empty tile		
cactus		
empty tile		
empty tile		
cactus		
cactus		
cactus		
empty tile		
cactus		
empty tile		
empty tile		
empty tile		
empty tile		
empty tile		
empty tile		
empty tile		
empty tile		
empty tile		
empty tile		
empty tile		
empty tile		
empty tile		
empty tile		
empty tile		
cactus		
empty tile		
empty tile		
empty tile		
cactus		
empty tile		
empty tile		
empty tile		
empty tile		
empty tile		
empty tile		
cactus		
cactus		
cactus		
empty tile		
empty tile		
empty tile		
empty tile		
empty tile		
empty tile		
empty tile		
cactus		
empty tile		
empty tile		
empty tile		
empty tile		
cactus		
empty tile		
empty tile		
cactus		
empty tile		
empty tile		
empty tile		
empty tile		
empty tile		
empty tile		
empty tile		
empty tile		
empty tile		
cactus		
empty tile		
empty tile		
empty tile		
cactus		
cactus		
empty tile		
empty tile		
cactus		
empty tile		
empty tile		
empty tile		
empty tile		
empty tile		
empty tile		
empty tile		
cactus		
empty tile		
empty tile		
empty tile		
empty tile		
empty tile		
empty tile		
empty tile		
empty tile		
cactus		
empty tile		
empty tile		
empty tile		
empty tile		
empty tile		
empty tile		
empty tile		
cactus		
empty tile		
cactus		
cactus		
empty tile		
empty tile		
empty tile		
empty tile		
cactus		
empty tile		
empty tile		
empty tile		
empty tile		
empty tile		
empty tile		
empty tile		
empty tile		
empty tile		
empty tile		
empty tile		
cactus		
empty tile		
empty tile		
empty tile		
empty tile		
empty tile		
empty tile		
cactus		
empty tile		
empty tile		
cactus		
empty tile		
empty tile		
cactus		
cactus		
empty tile		
empty tile		
empty tile		
empty tile		
empty tile		
empty tile		
empty tile		
cactus		
empty tile		
empty tile		
empty tile		
empty tile		
empty tile		
cactus		
empty tile		
empty tile		
empty tile		
empty tile		
empty tile		
empty tile		
cactus		
empty tile		
empty tile		
empty tile		
empty tile		
empty tile		
empty tile		
empty tile		
empty tile		
empty tile		
cactus		
empty tile		
empty tile		
empty tile		
empty tile		
empty tile		
empty tile		
empty tile		
empty tile		
empty tile		
empty tile		
empty tile		
empty tile		
empty tile		
empty tile		
empty tile		
empty tile		
empty tile		
empty tile		
empty tile		
empty tile		
empty tile		
empty tile		
empty tile		
empty tile		
empty tile		
empty tile		
empty tile		
empty tile		
empty tile		
empty tile		
empty tile		
empty tile		
empty tile		
empty tile		
empty tile		
empty tile		
empty tile		
empty tile		
empty tile		
empty tile		
empty tile		
empty tile		
empty tile		
empty tile		
empty tile		
empty tile		
empty tile		
empty tile		
empty tile		
empty tile		
empty tile		
empty tile		
empty tile		
empty tile		
empty tile		
empty tile		
empty tile		
empty tile		
empty tile		
empty tile		
empty tile		
empty tile		
empty tile		
empty tile		
empty tile		
infernia warning sign		
empty tile		
infernia warning sign		
empty tile		
infernia warning sign		
empty tile		
infernia warning sign		
empty tile		
infernia warning sign		
empty tile		
infernia warning sign		
empty tile		
infernia warning sign		
empty tile		
infernia warning sign		
empty tile		
infernia warning sign		
empty tile		
infernia warning sign		
empty tile		
infernia warning sign		
empty tile		
infernia warning sign		
empty tile		
infernia warning sign		
empty tile		
empty tile		
pine tree/softwood		
empty tile		
empty tile		
empty tile		
empty tile	1	
empty tile	1	
empty tile	1	
empty tile	1	
empty tile	1	
empty tile	1	
empty tile	1	
empty tile	1	
empty tile	1	
empty tile	1	
empty tile	1	
empty tile	1	
empty tile	1	
empty tile	1	
empty tile	1	
empty tile	1	
empty tile	1	
empty tile	1	
empty tile	1	
empty tile	1	
empty tile	1	
empty tile	1	
empty tile	1	
empty tile	1	
empty tile	1	
empty tile		
empty tile		
pine tree/softwood		
empty tile		
infernia warning sign		
empty tile	1	
empty tile	1	
empty tile	1	
empty tile	1	
empty tile	1	
empty tile	1	
empty tile	1	
empty tile	1	
empty tile	1	
empty tile	1	
empty tile	1	
empty tile	1	
empty tile	1	
empty tile	1	
empty tile	1	
empty tile	1	
empty tile	1	
empty tile	1	
empty tile	1	
empty tile	1	
empty tile	1	
empty tile	1	
empty tile	1	
empty tile	1	
empty tile	1	
empty tile	1	
empty tile	1	
empty tile		
pine tree/softwood		
empty tile		
empty tile		
empty tile	1	
empty tile	1	
empty tile	1	
empty tile	1	
empty tile	1	
empty tile	1	
empty tile	1	
empty tile	1	
empty tile	1	
empty tile	1	
empty tile	1	
empty tile	1	
empty tile	1	
empty tile	1	
empty tile	1	
empty tile	1	
empty tile	1	
empty tile	1	
empty tile	1	
empty tile	1	
empty tile		
empty tile		
empty tile	1	
empty tile	1	
empty tile	1	
empty tile	1	
empty tile	1	
empty tile		
pine tree/softwood		
empty tile		
infernia warning sign		
empty tile	1	
empty tile	1	
empty tile	1	
empty tile	1	
empty tile	1	
empty tile	1	
empty tile	1	
empty tile	1	
empty tile	1	
empty tile	1	
empty tile	1	
empty tile	1	
empty tile	1	
empty tile	1	
empty tile	1	
empty tile	1	
empty tile	1	
empty tile	1	
empty tile		
empty tile		
empty tile		
empty tile		
empty tile		
empty tile	1	
empty tile	1	
empty tile	1	
empty tile	1	
empty tile		
pine tree/softwood		
empty tile		
empty tile		
empty tile	1	
empty tile	1	
empty tile	1	
empty tile	1	
empty tile	1	
empty tile	1	
empty tile	1	
empty tile	1	
empty tile	1	
empty tile	1	
empty tile	1	
empty tile	1	
empty tile	1	
empty tile	1	
empty tile	1	
empty tile	1	
empty tile	1	
empty tile	1	
empty tile	1	
empty tile		
empty tile		
empty tile		
mountain		
empty tile		
empty tile	1	
empty tile	1	
empty tile	1	
empty tile		
pine tree/softwood		
empty tile		
infernia warning sign		
empty tile	1	
empty tile	1	
empty tile	1	
empty tile	1	
empty tile	1	
empty tile	1	
empty tile	1	
empty tile	1	
empty tile	1	
empty tile	1	
empty tile	1	
empty tile	1	
empty tile	1	
empty tile	1	
empty tile	1	
empty tile	1	
empty tile	1	
empty tile	1	
empty tile	1	
empty tile	1	
empty tile		
mountain		
empty tile		
empty tile		
empty tile	1	
empty tile	1	
empty tile	1	
empty tile		
pine tree/softwood		
empty tile		
empty tile		
empty tile	1	
empty tile	1	
empty tile	1	
empty tile	1	
empty tile	1	
empty tile	1	
empty tile	1	
empty tile	1	
empty tile	1	
empty tile	1	
empty tile	1	
empty tile	1	
empty tile	1	
empty tile	1	
empty tile	1	
empty tile	1	
empty tile	1	
empty tile	1	
empty tile	1	
empty tile		
mountain		
empty tile		
empty tile		
empty tile		
empty tile	1	
empty tile	1	
empty tile	1	
empty tile		
pine tree/softwood		
empty tile		
infernia warning sign		
empty tile	1	
empty tile	1	
empty tile	1	
empty tile	1	
empty tile	1	
empty tile	1	
empty tile	1	
empty tile	1	
empty tile	1	
empty tile	1	
empty tile	1	
empty tile	1	
empty tile	1	
empty tile	1	
empty tile	1	
empty tile	1	
empty tile	1	
empty tile	1	
empty tile	1	
empty tile		
empty tile		
empty tile		
empty tile		
empty tile	1	
empty tile	1	
empty tile	1	
empty tile	1	
empty tile		
pine tree/softwood		
empty tile		
empty tile		
empty tile	1	
empty tile	1	
empty tile	1	
empty tile	1	
empty tile	1	
empty tile	1	
empty tile	1	
empty tile	1	
empty tile	1	
empty tile	1	
empty tile	1	
empty tile	1	
empty tile	1	
empty tile	1	
empty tile	1	
empty tile	1	
empty tile	1	
empty tile	1	
empty tile	1	
empty tile	1	
empty tile		
empty tile		
empty tile		
empty tile	1	
empty tile	1	
empty tile	1	
empty tile	1	
empty tile		
pine tree/softwood		
empty tile		
infernia warning sign		
empty tile	1	
empty tile	1	
empty tile	1	
empty tile	1	
empty tile	1	
empty tile	1	
empty tile	1	
empty tile	1	
empty tile	1	
empty tile	1	
empty tile	1	
empty tile	1	
empty tile	1	
empty tile	1	
empty tile	1	
empty tile	1	
empty tile	1	
empty tile	1	
empty tile		
empty tile	1	
empty tile	1	
empty tile	1	
empty tile	1	
empty tile	1	
empty tile	1	
empty tile	1	
empty tile	1	
empty tile		
pine tree/softwood		
empty tile		
empty tile		
empty tile	1	
empty tile	1	
empty tile	1	
empty tile	1	
empty tile	1	
empty tile	1	
empty tile	1	
empty tile	1	
empty tile	1	
empty tile	1	
empty tile	1	
empty tile	1	
empty tile		
empty tile		
empty tile		
empty tile	1	
empty tile	1	
empty tile	1	
empty tile	1	
empty tile	1	
empty tile	1	
empty tile	1	
empty tile	1	
empty tile	1	
empty tile	1	
empty tile	1	
empty tile	1	
empty tile		
pine tree/softwood		
empty tile		
infernia warning sign		
empty tile	1	
empty tile	1	
empty tile	1	
empty tile	1	
empty tile	1	
empty tile	1	
empty tile	1	
empty tile	1	
empty tile	1	
empty tile	1	
empty tile	1	
empty tile		
empty tile		
empty tile		
empty tile		
empty tile		
empty tile	1	
empty tile	1	
empty tile	1	
empty tile	1	
empty tile	1	
empty tile	1	
empty tile	1	
empty tile	1	
empty tile	1	
empty tile	1	
empty tile	1	
empty tile		
pine tree/softwood		
empty tile		
empty tile		
empty tile	1	
empty tile	1	
empty tile	1	
empty tile	1	
empty tile	1	
empty tile	1	
empty tile	1	
empty tile	1	
empty tile	1	
empty tile	1	
empty tile		
empty tile		
empty tile		
empty tile		
empty tile		
empty tile		
empty tile		
empty tile	1	
empty tile	1	
empty tile	1	
empty tile	1	
empty tile	1	
empty tile	1	
empty tile	1	
empty tile	1	
empty tile	1	
empty tile	1	
empty tile		
pine tree/softwood		
empty tile		
infernia warning sign		
empty tile	1	
empty tile	1	
empty tile	1	
empty tile	1	
empty tile	1	
empty tile	1	
empty tile	1	
empty tile	1	
empty tile	1	
empty tile	1	
empty tile		
empty tile		
cheese wizard		
south pole		
sand witch		
empty tile		
empty tile		
empty tile	1	
empty tile	1	
empty tile	1	
empty tile	1	
empty tile	1	
empty tile	1	
empty tile	1	
empty tile	1	
empty tile	1	
empty tile	1	
empty tile		
pine tree/softwood		
empty tile		
empty tile		
empty tile	1	
empty tile	1	
empty tile	1	
empty tile	1	
empty tile	1	
empty tile	1	
empty tile	1	
empty tile	1	
empty tile	1	
empty tile	1	
empty tile		
empty tile		
empty tile		
empty tile		
empty tile		
empty tile		
empty tile		
empty tile	1	
empty tile	1	
empty tile	1	
empty tile	1	
empty tile	1	
empty tile	1	
empty tile	1	
empty tile	1	
empty tile	1	
empty tile	1	
empty tile		
pine tree/softwood		
empty tile		
infernia warning sign		
empty tile	1	
empty tile	1	
empty tile	1	
empty tile	1	
empty tile	1	
empty tile	1	
empty tile	1	
empty tile	1	
empty tile	1	
empty tile	1	
empty tile	1	
empty tile		
empty tile		
empty tile		
empty tile		
empty tile		
empty tile	1	
empty tile	1	
empty tile	1	
empty tile	1	
empty tile	1	
empty tile	1	
empty tile	1	
empty tile	1	
empty tile	1	
empty tile	1	
empty tile	1	
empty tile		
pine tree/softwood		
empty tile		
empty tile		
empty tile	1	
empty tile	1	
empty tile	1	
empty tile	1	
empty tile	1	
empty tile	1	
empty tile	1	
empty tile	1	
empty tile	1	
empty tile	1	
empty tile	1	
empty tile	1	
empty tile		
empty tile		
empty tile		
empty tile	1	
empty tile	1	
empty tile	1	
empty tile	1	
empty tile	1	
empty tile	1	
empty tile	1	
empty tile	1	
empty tile	1	
empty tile	1	
empty tile	1	
empty tile	1	
empty tile		
pine tree/softwood		
empty tile		
infernia warning sign		
empty tile	1	
empty tile	1	
empty tile	1	
empty tile	1	
empty tile	1	
empty tile	1	
empty tile	1	
empty tile	1	
empty tile	1	
empty tile	1	
empty tile	1	
empty tile	1	
empty tile	1	
empty tile	1	
empty tile	1	
empty tile	1	
empty tile	1	
empty tile	1	
empty tile	1	
empty tile	1	
empty tile	1	
empty tile	1	
empty tile	1	
empty tile	1	
empty tile	1	
empty tile	1	
empty tile	1	
empty tile		
pine tree/softwood		
empty tile		
empty tile		
empty tile	1	
empty tile	1	
empty tile	1	
empty tile	1	
empty tile	1	
empty tile	1	
empty tile		
empty tile		
empty tile		
empty tile	1	
empty tile	1	
empty tile	1	
empty tile	1	
empty tile	1	
empty tile	1	
empty tile	1	
empty tile	1	
empty tile	1	
empty tile	1	
empty tile	1	
empty tile	1	
empty tile	1	
empty tile	1	
empty tile	1	
empty tile	1	
empty tile	1	
empty tile	1	
empty tile		
pine tree/softwood		
empty tile		
infernia warning sign		
empty tile	1	
empty tile	1	
empty tile	1	
empty tile		
empty tile		
empty tile	1	
empty tile		
empty tile		
mountain		
empty tile		
empty tile	1	
empty tile	1	
empty tile	1	
empty tile	1	
empty tile	1	
empty tile	1	
empty tile	1	
empty tile	1	
empty tile	1	
empty tile	1	
empty tile	1	
empty tile	1	
empty tile	1	
empty tile	1	
empty tile	1	
empty tile	1	
empty tile	1	
empty tile		
pine tree/softwood		
empty tile		
empty tile		
empty tile	1	
empty tile	1	
empty tile	1	
empty tile		
empty tile		
empty tile		
empty tile		
mountain		
empty tile		
empty tile		
empty tile	1	
empty tile	1	
empty tile	1	
empty tile	1	
empty tile	1	
empty tile	1	
empty tile	1	
empty tile	1	
empty tile	1	
empty tile	1	
empty tile	1	
empty tile	1	
empty tile	1	
empty tile	1	
empty tile	1	
empty tile	1	
empty tile	1	
empty tile		
pine tree/softwood		
empty tile		
infernia warning sign		
empty tile	1	
empty tile	1	
empty tile	1	
empty tile	1	
empty tile	1	
empty tile		
mountain		
empty tile		
empty tile		
empty tile	1	
empty tile	1	
empty tile	1	
empty tile	1	
empty tile	1	
empty tile	1	
empty tile	1	
empty tile	1	
empty tile	1	
empty tile	1	
empty tile	1	
empty tile	1	
empty tile	1	
empty tile	1	
empty tile	1	
empty tile	1	
empty tile	1	
empty tile	1	
empty tile		
pine tree/softwood		
empty tile		
empty tile		
empty tile	1	
empty tile	1	
empty tile	1	
empty tile	1	
empty tile	1	
empty tile		
empty tile		
empty tile		
empty tile	1	
empty tile	1	
empty tile	1	
empty tile	1	
empty tile	1	
empty tile	1	
empty tile	1	
empty tile	1	
empty tile	1	
empty tile	1	
empty tile	1	
empty tile	1	
empty tile	1	
empty tile	1	
empty tile	1	
empty tile	1	
empty tile	1	
empty tile	1	
empty tile	1	
empty tile		
pine tree/softwood		
empty tile		
infernia warning sign		
empty tile	1	
empty tile	1	
empty tile	1	
empty tile	1	
empty tile	1	
empty tile	1	
empty tile	1	
empty tile	1	
empty tile	1	
empty tile	1	
empty tile	1	
empty tile	1	
empty tile	1	
empty tile	1	
empty tile	1	
empty tile	1	
empty tile	1	
empty tile	1	
empty tile	1	
empty tile	1	
empty tile	1	
empty tile	1	
empty tile	1	
empty tile	1	
empty tile	1	
empty tile	1	
empty tile	1	
empty tile		
pine tree/softwood		
empty tile		
empty tile		
empty tile	1	
empty tile	1	
empty tile	1	
empty tile	1	
empty tile	1	
empty tile	1	
empty tile	1	
empty tile	1	
empty tile	1	
empty tile	1	
empty tile	1	
empty tile	1	
empty tile	1	
empty tile	1	
empty tile	1	
empty tile	1	
empty tile	1	
empty tile	1	
empty tile	1	
empty tile	1	
empty tile	1	
empty tile	1	
empty tile	1	
empty tile	1	
empty tile	1	
empty tile	1	
empty tile	1	
empty tile		
pine tree/softwood		
empty tile		
infernia warning sign		
empty tile	1	
empty tile	1	
empty tile	1	
empty tile	1	
empty tile	1	
empty tile	1	
empty tile	1	
empty tile	1	
empty tile	1	
empty tile	1	
empty tile	1	
empty tile	1	
empty tile	1	
empty tile	1	
empty tile	1	
empty tile	1	
empty tile	1	
empty tile	1	
empty tile	1	
empty tile	1	
empty tile	1	
empty tile	1	
empty tile	1	
empty tile	1	
empty tile	1	
empty tile	1	
empty tile	1	
empty tile		
pine tree/softwood		
empty tile		
empty tile		
empty tile	1	
empty tile	1	
empty tile	1	
empty tile	1	
empty tile	1	
empty tile	1	
empty tile	1	
empty tile	1	
empty tile	1	
empty tile	1	
empty tile	1	
empty tile	1	
empty tile	1	
empty tile	1	
empty tile	1	
empty tile	1	
empty tile	1	
empty tile	1	
empty tile	1	
empty tile	1	
empty tile	1	
empty tile	1	
empty tile	1	
empty tile	1	
empty tile	1	
empty tile	1	
empty tile	1	
empty tile		
empty tile		
empty tile		
empty tile		
empty tile	1	
sponge	1	
sponge	1	
sponge	1	
sponge	1	
sponge	1	
sponge	1	
sponge	1	
sponge	1	
sponge	1	
sponge	1	
sponge	1	
sponge	1	
sponge	1	
sponge	1	
sponge	1	
sponge	1	
sponge	1	
sponge	1	
sponge	1	
sponge	1	
sponge	1	
sponge	1	
sponge	1	
sponge	1	
sponge	1	
empty tile	1	
empty tile		
empty tile		
empty tile		
empty tile		
sponge	1	
sponge	1	
sponge	1	
sponge	1	
sponge	1	
sponge	1	
sponge	1	
sponge	1	
sponge	1	
sponge	1	
sponge	1	
sponge	1	
sponge	1	
sponge	1	
sponge	1	
sponge	1	
sponge	1	
sponge	1	
sponge	1	
sponge	1	
sponge	1	
sponge	1	
sponge	1	
sponge	1	
sponge	1	
sponge	1	
sponge	1	
empty tile		
empty tile		
apple tree/hardwood		
pine tree/softwood		
pine tree/softwood		
pine tree/softwood		
pine tree/softwood		
empty tile		
pine tree/softwood		
pine tree/softwood		
pine tree/softwood		
pine tree/softwood		
pine tree/softwood		
pine tree/softwood		
pine tree/softwood		
pine tree/softwood		
pine tree/softwood		
pine tree/softwood		
pine tree/softwood		
pine tree/softwood		
pine tree/softwood		
pine tree/softwood		
pine tree/softwood		
pine tree/softwood		
empty tile		
empty tile		
pine tree/softwood		
pine tree/softwood		
pine tree/softwood		
pine tree/softwood		
pine tree/softwood		
pine tree/softwood		
pine tree/softwood		
pine tree/softwood		
pine tree/softwood		
pine tree/softwood		
pine tree/softwood		
pine tree/softwood		
pine tree/softwood		
pine tree/softwood		
pine tree/softwood		
pine tree/softwood		
pine tree/softwood		
pine tree/softwood		
pine tree/softwood		
high mountain		
high mountain		
pine tree/softwood		
high mountain		
high mountain		
pine tree/softwood		
high mountain		
high mountain		
pine tree/softwood		
pine tree/softwood		
pine tree/softwood		
pine tree/softwood		
pine tree/softwood		
pine tree/softwood		
pine tree/softwood		
pine tree/softwood		
pine tree/softwood		
pine tree/softwood		
pine tree/softwood		
pine tree/softwood		
high mountain		
high mountain		
high mountain		
high mountain		
pine tree/softwood		
high mountain		
high mountain		
high mountain		
high mountain		
high mountain		
high mountain		
high mountain		
high mountain		
high mountain		
high mountain		
high mountain		
high mountain		
high mountain		
high mountain		
high mountain		
pine tree/softwood		
pine tree/softwood		
pine tree/softwood		
pine tree/softwood		
pine tree/softwood		
pine tree/softwood		
pine tree/softwood		
pine tree/softwood		
pine tree/softwood		
pine tree/softwood		
pine tree/softwood		
high mountain		
pine tree/softwood		
high mountain		
high mountain		
high mountain		
high mountain		
high mountain		
high mountain		
high mountain		
high mountain		
high mountain		
high mountain		
empty tile		
empty tile		
empty tile		
high mountain		
high mountain		
high mountain		
high mountain		
high mountain		
pine tree/softwood		
pine tree/softwood		
pine tree/softwood		
high mountain		
high mountain		
high mountain		
high mountain		
high mountain		
pine tree/softwood		
pine tree/softwood		
pine tree/softwood		
pine tree/softwood		
empty tile		
high mountain		
high mountain		
high mountain		
high mountain		
high mountain		
high mountain		
empty tile		
empty tile		
empty tile		
empty tile		
empty tile		
empty tile		
empty tile		
empty tile		
empty tile		
empty tile		
empty tile		
high mountain		
high mountain		
pine tree/softwood		
pine tree/softwood		
high mountain		
high mountain		
high mountain		
high mountain		
high mountain		
pine tree/softwood		
pine tree/softwood		
pine tree/softwood		
pine tree/softwood		
pine tree/softwood		
high mountain		
high mountain		
high mountain		
high mountain		
high mountain		
high mountain		
high mountain		
high mountain		
high mountain		
empty tile		
empty tile		
empty tile		
empty tile		
empty tile		
empty tile		
empty tile		
empty tile		
high mountain		
high mountain		
high mountain		
high mountain		
high mountain		
high mountain		
high mountain		
high mountain		
pine tree/softwood		
pine tree/softwood		
pine tree/softwood		
pine tree/softwood		
pine tree/softwood		
high mountain		
pine tree/softwood		
high mountain		
high mountain		
high mountain		
high mountain		
high mountain		
high mountain		
high mountain		
high mountain		
empty tile		
empty tile		
empty tile		
empty tile		
empty tile		
empty tile		
empty tile		
empty tile		
empty tile		
high mountain		
high mountain		
high mountain		
high mountain		
high mountain		
pine tree/softwood		
pine tree/softwood		
pine tree/softwood		
pine tree/softwood		
empty tile		
pine tree/softwood		
empty tile		
pine tree/softwood		
high mountain		
pine tree/softwood		
high mountain		
high mountain		
high mountain		
high mountain		
high mountain		
caribou		
empty tile		
empty tile		
empty tile		
empty tile		
abdominal snowman		
empty tile		
empty tile		
empty tile		
empty tile		
high mountain		
high mountain		
high mountain		
high mountain		
high mountain		
high mountain		
high mountain		
pine tree/softwood		
pine tree/softwood		
pine tree/softwood		
empty tile		
pine tree/softwood		
empty tile		
empty tile		
empty tile		
high mountain		
high mountain		
high mountain		
high mountain		
high mountain		
empty tile		
empty tile		
empty tile		
empty tile		
empty tile		
empty tile		
empty tile		
empty tile		
empty tile		
empty tile		
empty tile		
empty tile		
empty tile		
high mountain		
high mountain		
high mountain		
high mountain		
high mountain		
high mountain		
pine tree/softwood		
pine tree/softwood		
pine tree/softwood		
apple tree/hardwood		
empty tile		
empty tile		
empty tile		
high mountain		
pine tree/softwood		
pine tree/softwood		
high mountain		
high mountain		
empty tile		
empty tile		
empty tile		
empty tile		
empty tile		
empty tile		
empty tile		
empty tile		
empty tile		
empty tile		
empty tile		
empty tile		
empty tile		
empty tile		
high mountain		
empty tile		
high mountain		
high mountain		
high mountain		
high mountain		
pine tree/softwood		
pine tree/softwood		
empty tile		
empty tile		
caribou		
empty tile		
pine tree/softwood		
pine tree/softwood		
pine tree/softwood		
high mountain		
empty tile		
empty tile		
empty tile		
empty tile		
empty tile		
empty tile		
empty tile		
empty tile		
empty tile		
empty tile		
empty tile		
empty tile		
empty tile		
empty tile		
empty tile		
empty tile		
empty tile		
empty tile		
empty tile		
high mountain		
high mountain		
high mountain		
pine tree/softwood		
empty tile		
empty tile		
empty tile		
empty tile		
pine tree/softwood		
pine tree/softwood		
pine tree/softwood		
pine tree/softwood		
empty tile		
empty tile		
empty tile		
empty tile		
empty tile		
empty tile		
empty tile		
empty tile		
empty tile		
empty tile		
empty tile		
empty tile		
empty tile		
empty tile		
empty tile		
empty tile		
empty tile		
empty tile		
empty tile		
empty tile		
high mountain		
high mountain		
pine tree/softwood		
empty tile		
empty tile		
empty tile		
empty tile		
empty tile		
empty tile		
empty tile		
pine tree/softwood		
empty tile		
empty tile		
empty tile		
empty tile		
empty tile		
empty tile		
empty tile		
empty tile		
empty tile		
empty tile		
empty tile		
empty tile		
empty tile		
empty tile		
empty tile		
empty tile		
empty tile		
empty tile		
empty tile		
caribou		
high mountain		
high mountain		
pine tree/softwood		
empty tile		
empty tile		
empty tile		
empty tile		
empty tile		
empty tile		
empty tile		
empty tile		
empty tile		
empty tile		
empty tile		
empty tile		
empty tile		
empty tile		
empty tile		
empty tile		
empty tile		
empty tile		
empty tile		
empty tile		
empty tile		
empty tile		
empty tile		
empty tile		
empty tile		
empty tile		
empty tile		
high mountain		
high mountain		
high mountain		
pine tree/softwood		
empty tile		
empty tile		
empty tile		
empty tile		
empty tile		
empty tile		
empty tile		
empty tile		
empty tile		
empty tile		
empty tile		
empty tile		
empty tile		
empty tile		
empty tile		
empty tile		
empty tile		
empty tile		
empty tile		
empty tile		
empty tile		
empty tile		
empty tile		
empty tile		
empty tile		
empty tile		
empty tile		
empty tile		
high mountain		
pine tree/softwood		
pine tree/softwood		
empty tile		
empty tile		
empty tile		
empty tile		
empty tile		
empty tile		
empty tile		
bear		
empty tile		
empty tile		
empty tile		
empty tile		
empty tile		
empty tile		
empty tile		
north pole		
empty tile		
steamer		
empty tile		
empty tile		
empty tile		
empty tile		
empty tile		
unlit tree		
empty tile		
empty tile		
empty tile		
empty tile		
high mountain		
high mountain		
pine tree/softwood		
empty tile		
empty tile		
empty tile		
empty tile		
empty tile		
empty tile		
empty tile		
empty tile		
empty tile		
empty tile		
empty tile		
empty tile		
empty tile		
empty tile		
empty tile		
empty tile		
empty tile		
empty tile		
empty tile		
empty tile		
empty tile		
empty tile		
empty tile		
empty tile		
empty tile		
empty tile		
empty tile		
empty tile		
high mountain		
high mountain		
pine tree/softwood		
empty tile		
empty tile		
empty tile		
empty tile		
empty tile		
empty tile		
empty tile		
empty tile		
empty tile		
empty tile		
empty tile		
empty tile		
empty tile		
empty tile		
empty tile		
empty tile		
empty tile		
empty tile		
empty tile		
empty tile		
empty tile		
empty tile		
empty tile		
empty tile		
empty tile		
empty tile		
empty tile		
empty tile		
high mountain		
pine tree/softwood		
pine tree/softwood		
empty tile		
empty tile		
empty tile		
empty tile		
empty tile		
empty tile		
empty tile		
empty tile		
empty tile		
empty tile		
empty tile		
empty tile		
empty tile		
empty tile		
empty tile		
empty tile		
empty tile		
empty tile		
empty tile		
empty tile		
empty tile		
high mountain		
empty tile		
empty tile		
empty tile		
empty tile		
caribou		
high mountain		
high mountain		
pine tree/softwood		
pine tree/softwood		
apple tree/hardwood		
empty tile		
empty tile		
empty tile		
high mountain		
empty tile		
empty tile		
empty tile		
empty tile		
high mountain		
high mountain		
empty tile		
empty tile		
empty tile		
empty tile		
empty tile		
empty tile		
empty tile		
empty tile		
high mountain		
high mountain		
high mountain		
high mountain		
empty tile		
empty tile		
empty tile		
high mountain		
high mountain		
high mountain		
pine tree/softwood		
pine tree/softwood		
pine tree/softwood		
pine tree/softwood		
empty tile		
high mountain		
high mountain		
high mountain		
high mountain		
high mountain		
high mountain		
high mountain		
high mountain		
high mountain		
empty tile		
empty tile		
empty tile		
empty tile		
empty tile		
empty tile		
high mountain		
high mountain		
high mountain		
high mountain		
high mountain		
empty tile		
empty tile		
high mountain		
high mountain		
high mountain		
pine tree/softwood		
pine tree/softwood		
pine tree/softwood		
pine tree/softwood		
pine tree/softwood		
empty tile		
empty tile		
high mountain		
high mountain		
high mountain		
high mountain		
high mountain		
high mountain		
high mountain		
high mountain		
empty tile		
empty tile		
empty tile	1	
empty tile	1	
empty tile		
empty tile		
empty tile		
empty tile		
empty tile		
high mountain		
high mountain		
high mountain		
high mountain		
high mountain		
high mountain		
high mountain		
pine tree/softwood		
pine tree/softwood		
pine tree/softwood		
pine tree/softwood		
empty tile		
high mountain		
high mountain		
high mountain		
high mountain		
high mountain		
high mountain		
high mountain		
high mountain		
empty tile		
empty tile		
empty tile		
empty tile	1	
empty tile	1	
empty tile	1	
empty tile	1	
empty tile	1	
empty tile	1	
empty tile		
empty tile		
high mountain		
high mountain		
high mountain		
high mountain		
pine tree/softwood		
pine tree/softwood		
pine tree/softwood		
pine tree/softwood		
pine tree/softwood		
empty tile		
pine tree/softwood		
pine tree/softwood		
pine tree/softwood		
pine tree/softwood		
high mountain		
high mountain		
high mountain		
high mountain		
high mountain		
empty tile		
empty tile		
empty tile		
empty tile	1	
empty tile	1	
empty tile	1	
whale	1	
empty tile	1	
empty tile	1	
empty tile	1	
empty tile	1	
empty tile		
caribou		
high mountain		
high mountain		
high mountain		
high mountain		
high mountain		
pine tree/softwood		
pine tree/softwood		
empty tile		
empty tile		
pine tree/softwood		
pine tree/softwood		
pine tree/softwood		
high mountain		
high mountain		
high mountain		
high mountain		
high mountain		
high mountain		
empty tile		
empty tile		
empty tile	1	
empty tile	1	
empty tile	1	
empty tile	1	
empty tile	1	
empty tile	1	
empty tile	1	
empty tile	1	
empty tile	1	
empty tile		
empty tile		
high mountain		
high mountain		
high mountain		
high mountain		
high mountain		
pine tree/softwood		
pine tree/softwood		
pine tree/softwood		
empty tile		
pine tree/softwood		
pine tree/softwood		
high mountain		
high mountain		
high mountain		
high mountain		
high mountain		
high mountain		
high mountain		
caribou		
empty tile		
empty tile	1	
empty tile	1	
empty tile	1	
empty tile	1	
empty tile	1	
empty tile	1	
empty tile	1	
empty tile	1	
empty tile		
empty tile		
empty tile		
empty tile		
high mountain		
high mountain		
high mountain		
high mountain		
high mountain		
pine tree/softwood		
pine tree/softwood		
pine tree/softwood		
pine tree/softwood		
empty tile		
pine tree/softwood		
high mountain		
high mountain		
high mountain		
high mountain		
high mountain		
high mountain		
high mountain		
empty tile		
empty tile		
empty tile	1	
empty tile	1	
empty tile	1	
empty tile	1	
empty tile	1	
empty tile	1	
empty tile	1	
empty tile		
empty tile		
empty tile		
high mountain		
high mountain		
pine tree/softwood		
pine tree/softwood		
high mountain		
high mountain		
pine tree/softwood		
pine tree/softwood		
pine tree/softwood		
pine tree/softwood		
empty tile		
empty tile		
empty tile		
high mountain		
high mountain		
high mountain		
high mountain		
high mountain		
empty tile		
empty tile		
empty tile		
empty tile	1	
empty tile	1	
empty tile	1	
empty tile	1	
empty tile	1	
empty tile	1	
empty tile		
empty tile		
empty tile		
empty tile		
empty tile		
high mountain		
pine tree/softwood		
pine tree/softwood		
high mountain		
high mountain		
high mountain		
high mountain		
high mountain		
empty tile		
empty tile		
caribou		
empty tile		
high mountain		
high mountain		
high mountain		
high mountain		
high mountain		
empty tile		
pine tree/softwood		
empty tile		
empty tile		
empty tile	1	
empty tile	1	
empty tile	1	
empty tile	1	
empty tile		
empty tile		
pine tree/softwood		
pine tree/softwood		
empty tile		
empty tile		
pine tree/softwood		
pine tree/softwood		
pine tree/softwood		
pine tree/softwood		
high mountain		
high mountain		
high mountain		
high mountain		
empty tile		
empty tile		
pine tree/softwood		
empty tile		
empty tile		
high mountain		
high mountain		
empty tile		
empty tile		
empty tile		
empty tile		
empty tile		
empty tile	1	
empty tile	1	
empty tile	1	
empty tile	1	
empty tile	1	
empty tile	1	
empty tile		
empty tile		
pine tree/softwood		
pine tree/softwood		
empty tile		
pine tree/softwood		
empty tile		
empty tile		
pine tree/softwood		
high mountain		
high mountain		
high mountain		
high mountain		
empty tile		
empty tile		
empty tile		
empty tile		
empty tile		
empty tile		
empty tile		
empty tile		
empty tile		
empty tile		
empty tile		
empty tile	1	
empty tile	1	
empty tile	1	
empty tile	1	
empty tile	1	
empty tile	1	
empty tile	1	
empty tile	1	
empty tile		
empty tile		
empty tile		
empty tile		
empty tile		
empty tile		
empty tile		
empty tile		
empty tile		
empty tile		
empty tile		
high mountain		
empty tile		
empty tile		
empty tile		
empty tile		
empty tile		
empty tile		
empty tile		
empty tile		
empty tile		
empty tile		
empty tile		
empty tile	1	
empty tile	1	
empty tile	1	
empty tile	1	
empty tile	1	
empty tile	1	
empty tile	1	
empty tile	1	
empty tile		
empty tile		
empty tile		
empty tile		
empty tile		
empty tile		
empty tile		
empty tile		
empty tile		
empty tile		
empty tile		
date palm tree/palm tree/softwood		
empty tile		
empty tile		
empty tile		
empty tile		
empty tile	1	
empty tile	1	
empty tile	1	
empty tile	1	
empty tile	1	
empty tile	1	
empty tile	1	
empty tile	1	
empty tile	1	
empty tile	1	
empty tile	1	
empty tile	1	
empty tile	1	
empty tile	1	
empty tile	1	
empty tile	1	
empty tile	1	
empty tile	1	
empty tile	1	
empty tile	1	
empty tile	1	
empty tile	1	
empty tile	1	
empty tile	1	
empty tile	1	
date palm tree/palm tree/softwood		
date palm tree/palm tree/softwood		
empty tile		
empty tile		
sponge	1	
empty tile	1	
empty tile	1	
empty tile	1	
empty tile	1	
empty tile	1	
empty tile	1	
empty tile	1	
empty tile	1	
empty tile	1	
empty tile	1	
empty tile	1	
empty tile	1	
empty tile	1	
empty tile	1	
empty tile	1	
empty tile	1	
empty tile	1	
empty tile	1	
empty tile	1	
empty tile	1	
empty tile	1	
empty tile	1	
empty tile	1	
empty tile	1	
empty tile	1	
empty tile	1	
sponge	1	
date palm tree/palm tree/softwood		
sponge	1	
sponge	1	
sponge	1	
empty tile	1	
empty tile	1	
empty tile	1	
empty tile	1	
empty tile	1	
empty tile	1	
empty tile	1	
empty tile	1	
empty tile	1	
empty tile	1	
empty tile	1	
empty tile	1	
empty tile	1	
empty tile	1	
empty tile	1	
empty tile	1	
empty tile	1	
empty tile	1	
empty tile	1	
empty tile	1	
empty tile	1	
empty tile	1	
empty tile	1	
empty tile	1	
empty tile	1	
sponge	1	
sponge	1	
sponge	1	
sponge	1	
sponge	1	
empty tile	1	
empty tile	1	
empty tile	1	
empty tile	1	
empty tile	1	
empty tile	1	
empty tile	1	
empty tile	1	
empty tile	1	
empty tile	1	
empty tile	1	
empty tile	1	
empty tile	1	
empty tile	1	
empty tile	1	
empty tile	1	
empty tile	1	
empty tile	1	
empty tile	1	
empty tile	1	
empty tile	1	
empty tile	1	
empty tile	1	
empty tile	1	
empty tile	1	
empty tile	1	
sponge	1	
sponge	1	
sponge	1	
sponge	1	
sponge	1	
sponge	1	
empty tile	1	
empty tile	1	
empty tile	1	
empty tile	1	
empty tile		
empty tile	1	
empty tile	1	
empty tile	1	
empty tile	1	
empty tile	1	
empty tile	1	
empty tile	1	
empty tile	1	
empty tile	1	
empty tile	1	
empty tile	1	
empty tile	1	
empty tile	1	
empty tile	1	
empty tile		
empty tile		
empty tile		
empty tile	1	
empty tile	1	
empty tile	1	
sponge	1	
sponge	1	
sponge	1	
sponge	1	
sponge	1	
sponge	1	
empty tile	1	
empty tile	1	
empty tile	1	
empty tile		
empty tile		
empty tile		
empty tile	1	
empty tile	1	
empty tile	1	
empty tile	1	
empty tile	1	
empty tile	1	
empty tile	1	
empty tile	1	
empty tile	1	
empty tile	1	
empty tile	1	
empty tile	1	
empty tile		
empty tile		
empty tile		
empty tile		
empty tile	1	
empty tile	1	
empty tile	1	
empty tile	1	
sponge	1	
sponge	1	
sponge	1	
sponge	1	
empty tile	1	
empty tile	1	
empty tile	1	
empty tile		
empty tile		
date palm tree/palm tree/softwood		
empty tile		
empty tile		
empty tile	1	
empty tile	1	
empty tile	1	
empty tile	1	
empty tile	1	
empty tile	1	
empty tile	1	
empty tile	1	
empty tile	1	
empty tile	1	
empty tile	1	
empty tile		
empty tile		
coconut tree/palm tree/softwood		
empty tile		
empty tile	1	
empty tile	1	
empty tile	1	
empty tile	1	
empty tile	1	
sponge	1	
sponge	1	
sponge	1	
empty tile	1	
empty tile	1	
empty tile	1	
empty tile		
empty tile		
empty tile		
empty tile		
empty tile		
empty tile	1	
empty tile	1	
empty tile	1	
empty tile	1	
empty tile	1	
empty tile	1	
empty tile	1	
empty tile	1	
empty tile	1	
empty tile	1	
empty tile	1	
empty tile	1	
empty tile		
empty tile		
empty tile		
empty tile	1	
empty tile	1	
empty tile	1	
sponge	1	
sponge	1	
sponge	1	
sponge	1	
empty tile	1	
empty tile	1	
empty tile	1	
empty tile	1	
empty tile	1	
empty tile		
empty tile		
empty tile	1	
empty tile	1	
empty tile	1	
empty tile	1	
empty tile	1	
empty tile	1	
empty tile	1	
empty tile	1	
empty tile	1	
empty tile	1	
empty tile	1	
empty tile	1	
empty tile	1	
empty tile	1	
empty tile		
empty tile	1	
empty tile	1	
empty tile	1	
empty tile	1	
empty tile	1	
empty tile	1	
sponge	1	
sponge	1	
empty tile	1	
empty tile	1	
empty tile	1	
empty tile	1	
empty tile	1	
empty tile	1	
empty tile	1	
empty tile	1	
empty tile	1	
empty tile	1	
empty tile	1	
empty tile	1	
empty tile	1	
empty tile	1	
empty tile	1	
empty tile	1	
empty tile	1	
empty tile	1	
empty tile	1	
empty tile	1	
empty tile	1	
empty tile	1	
empty tile	1	
empty tile	1	
empty tile	1	
empty tile	1	
empty tile	1	
empty tile	1	
empty tile	1	
sponge	1	
sponge	1	
empty tile	1	
empty tile	1	
empty tile	1	
empty tile	1	
empty tile	1	
empty tile	1	
empty tile	1	
empty tile	1	
empty tile	1	
empty tile	1	
empty tile	1	
empty tile	1	
empty tile	1	
empty tile	1	
empty tile	1	
empty tile	1	
empty tile	1	
empty tile	1	
empty tile	1	
empty tile	1	
empty tile	1	
empty tile	1	
empty tile	1	
empty tile	1	
empty tile	1	
empty tile	1	
empty tile	1	
empty tile	1	
empty tile	1	
sponge	1	
sponge	1	
empty tile	1	
empty tile	1	
empty tile	1	
empty tile	1	
empty tile	1	
empty tile	1	
empty tile	1	
empty tile	1	
empty tile	1	
empty tile	1	
empty tile	1	
empty tile	1	
empty tile	1	
empty tile	1	
empty tile	1	
empty tile		
empty tile		
empty tile		
empty tile	1	
empty tile	1	
empty tile	1	
empty tile	1	
empty tile	1	
empty tile	1	
empty tile	1	
empty tile	1	
empty tile	1	
empty tile	1	
empty tile	1	
sponge	1	
sponge	1	
empty tile	1	
empty tile	1	
empty tile	1	
empty tile	1	
empty tile	1	
empty tile	1	
empty tile	1	
empty tile	1	
empty tile	1	
empty tile	1	
empty tile	1	
empty tile	1	
empty tile	1	
empty tile	1	
empty tile		
empty tile		
empty tile		
empty tile		
empty tile		
empty tile	1	
empty tile	1	
empty tile	1	
empty tile	1	
empty tile	1	
empty tile	1	
empty tile	1	
empty tile	1	
empty tile	1	
sponge	1	
sponge	1	
sponge	1	
empty tile	1	
empty tile	1	
empty tile	1	
empty tile	1	
empty tile	1	
empty tile	1	
empty tile	1	
empty tile	1	
empty tile	1	
empty tile	1	
empty tile	1	
empty tile	1	
empty tile	1	
empty tile	1	
empty tile	1	
empty tile	1	
empty tile	1	
empty tile		
empty tile		
empty tile		
empty tile	1	
empty tile	1	
empty tile	1	
empty tile	1	
empty tile	1	
empty tile	1	
empty tile	1	
empty tile	1	
sponge	1	
sponge	1	
empty tile	1	
empty tile	1	
empty tile	1	
herman	1	
empty tile	1	
empty tile	1	
empty tile	1	
empty tile	1	
empty tile	1	
empty tile	1	
empty tile	1	
empty tile	1	
empty tile	1	
empty tile	1	
empty tile	1	
mermaid	1	
island	1	
marco	1	
empty tile	1	
empty tile		
empty tile		
empty tile	1	
empty tile	1	
empty tile	1	
turtle	1	
empty tile	1	
empty tile	1	
empty tile	1	
sponge	1	
sponge	1	
sponge	1	
empty tile	1	
empty tile	1	
empty tile	1	
empty tile	1	
empty tile	1	
empty tile	1	
empty tile	1	
empty tile	1	
empty tile	1	
empty tile	1	
empty tile	1	
empty tile	1	
empty tile	1	
empty tile		
empty tile	1	
empty tile	1	
empty tile	1	
empty tile	1	
empty tile	1	
empty tile		
empty tile		
empty tile	1	
empty tile	1	
empty tile	1	
empty tile	1	
empty tile	1	
empty tile	1	
empty tile	1	
sponge	1	
sponge	1	
sponge	1	
empty tile	1	
empty tile	1	
empty tile	1	
empty tile	1	
empty tile	1	
empty tile	1	
empty tile	1	
empty tile	1	
empty tile	1	
empty tile	1	
empty tile	1	
empty tile	1	
empty tile	1	
empty tile		
empty tile		
empty tile		
empty tile		
empty tile		
empty tile		
empty tile		
empty tile	1	
empty tile	1	
empty tile	1	
empty tile	1	
empty tile	1	
empty tile	1	
empty tile	1	
empty tile	1	
empty tile	1	
sponge	1	
sponge	1	
sponge	1	
empty tile	1	
empty tile	1	
empty tile	1	
empty tile	1	
empty tile	1	
empty tile	1	
empty tile	1	
empty tile	1	
empty tile	1	
empty tile	1	
empty tile	1	
empty tile	1	
empty tile	1	
empty tile	1	
empty tile		
empty tile		
empty tile		
empty tile		
empty tile	1	
empty tile	1	
empty tile	1	
empty tile	1	
empty tile	1	
empty tile	1	
empty tile	1	
empty tile	1	
empty tile	1	
empty tile	1	
sponge	1	
sponge	1	
sponge	1	
empty tile	1	
empty tile	1	
empty tile	1	
empty tile	1	
empty tile	1	
empty tile	1	
empty tile	1	
empty tile	1	
empty tile	1	
empty tile	1	
empty tile	1	
empty tile	1	
empty tile	1	
empty tile	1	
empty tile	1	
empty tile	1	
empty tile	1	
empty tile	1	
empty tile	1	
empty tile	1	
empty tile	1	
empty tile	1	
empty tile	1	
empty tile	1	
empty tile	1	
empty tile	1	
empty tile	1	
empty tile	1	
empty tile	1	
sponge	1	
sponge	1	
empty tile	1	
empty tile	1	
empty tile	1	
empty tile	1	
empty tile	1	
empty tile	1	
empty tile	1	
empty tile	1	
empty tile	1	
empty tile	1	
empty tile	1	
empty tile	1	
empty tile	1	
empty tile	1	
empty tile	1	
empty tile	1	
empty tile	1	
empty tile	1	
empty tile	1	
empty tile	1	
empty tile	1	
empty tile	1	
empty tile	1	
empty tile	1	
empty tile	1	
empty tile	1	
empty tile	1	
empty tile	1	
empty tile	1	
sponge	1	
sponge	1	
empty tile	1	
empty tile	1	
empty tile	1	
empty tile	1	
empty tile	1	
empty tile		
empty tile		
empty tile	1	
empty tile	1	
empty tile		
empty tile		
empty tile	1	
empty tile	1	
empty tile	1	
empty tile	1	
empty tile	1	
empty tile	1	
empty tile	1	
empty tile	1	
empty tile	1	
empty tile	1	
empty tile		
empty tile	1	
empty tile	1	
empty tile		
empty tile		
empty tile	1	
empty tile	1	
empty tile	1	
empty tile	1	
sponge	1	
sponge	1	
empty tile	1	
empty tile	1	
empty tile	1	
empty tile	1	
empty tile	1	
empty tile		
empty tile		
empty tile		
empty tile		
empty tile		
empty tile	1	
empty tile	1	
empty tile	1	
empty tile	1	
empty tile	1	
empty tile	1	
empty tile	1	
empty tile	1	
empty tile	1	
empty tile	1	
empty tile		
empty tile		
empty tile		
empty tile		
empty tile		
empty tile	1	
empty tile	1	
empty tile	1	
sponge	1	
sponge	1	
sponge	1	
sponge	1	
empty tile	1	
empty tile	1	
empty tile	1	
empty tile		
empty tile		
date palm tree/palm tree/softwood		
empty tile		
empty tile		
empty tile	1	
empty tile	1	
empty tile	1	
empty tile	1	
empty tile	1	
octopus	1	
empty tile	1	
empty tile	1	
empty tile	1	
empty tile	1	
empty tile	1	
empty tile		
empty tile		
banana tree/palm tree/softwood		
empty tile		
empty tile		
empty tile	1	
empty tile	1	
empty tile	1	
sponge	1	
sponge	1	
sponge	1	
sponge	1	
empty tile	1	
empty tile	1	
empty tile	1	
empty tile	1	
empty tile		
empty tile		
empty tile		
empty tile		
empty tile	1	
empty tile	1	
empty tile	1	
empty tile	1	
empty tile	1	
empty tile	1	
empty tile	1	
empty tile	1	
empty tile	1	
empty tile	1	
empty tile	1	
empty tile		
empty tile		
empty tile		
empty tile		
empty tile	1	
empty tile	1	
empty tile	1	
empty tile	1	
sponge	1	
sponge	1	
sponge	1	
sponge	1	
empty tile	1	
empty tile	1	
empty tile	1	
empty tile	1	
empty tile	1	
empty tile		
empty tile		
empty tile	1	
empty tile	1	
empty tile	1	
empty tile	1	
empty tile	1	
empty tile	1	
empty tile	1	
empty tile	1	
empty tile	1	
empty tile	1	
empty tile	1	
empty tile	1	
empty tile	1	
empty tile	1	
empty tile		
empty tile	1	
empty tile	1	
empty tile	1	
empty tile	1	
empty tile	1	
sponge	1	
sponge	1	
sponge	1	
sponge	1	
empty tile	1	
empty tile	1	
empty tile	1	
empty tile	1	
empty tile	1	
empty tile	1	
empty tile	1	
empty tile	1	
empty tile	1	
empty tile	1	
empty tile	1	
empty tile	1	
empty tile	1	
empty tile	1	
empty tile	1	
empty tile	1	
empty tile	1	
empty tile	1	
empty tile	1	
empty tile	1	
empty tile	1	
empty tile	1	
empty tile	1	
empty tile	1	
empty tile	1	
empty tile	1	
sponge	1	
sponge	1	
sponge	1	
sponge	1	
sponge	1	
sponge	1	
empty tile	1	
empty tile	1	
empty tile	1	
empty tile	1	
empty tile	1	
empty tile	1	
empty tile	1	
empty tile	1	
empty tile	1	
empty tile	1	
empty tile	1	
empty tile	1	
empty tile	1	
empty tile	1	
empty tile	1	
empty tile	1	
empty tile	1	
empty tile	1	
empty tile	1	
empty tile	1	
empty tile	1	
empty tile	1	
empty tile	1	
empty tile	1	
empty tile	1	
sponge	1	
sponge	1	
sponge	1	
sponge	1	
sponge	1	
sponge	1	
sponge	1	
empty tile	1	
sponge	1	
sponge	1	
empty tile	1	
empty tile	1	
empty tile	1	
empty tile	1	
empty tile	1	
sponge	1	
empty tile	1	
empty tile	1	
empty tile	1	
empty tile	1	
sponge	1	
sponge	1	
empty tile	1	
sponge	1	
sponge	1	
empty tile	1	
empty tile	1	
empty tile	1	
empty tile	1	
sponge	1	
sponge	1	
sponge	1	
sponge	1	
sponge	1	
empty tile		
sponge	1	
sponge	1	
sponge	1	
sponge	1	
sponge	1	
sponge	1	
sponge	1	
sponge	1	
sponge	1	
sponge	1	
sponge	1	
sponge	1	
sponge	1	
sponge	1	
sponge	1	
sponge	1	
sponge	1	
sponge	1	
sponge	1	
sponge	1	
sponge	1	
sponge	1	
sponge	1	
sponge	1	
sponge	1	
sponge	1	
sponge	1	
sponge	1	
sponge	1	
empty tile		
empty tile		
empty tile		
sponge	1	
sponge	1	
sponge	1	
sponge	1	
sponge	1	
sponge	1	
sponge	1	
sponge	1	
sponge	1	
sponge	1	
sponge	1	
sponge	1	
sponge	1	
sponge	1	
sponge	1	
sponge	1	
sponge	1	
sponge	1	
sponge	1	
sponge	1	
sponge	1	
sponge	1	
sponge	1	
sponge	1	
sponge	1	
sponge	1	
sponge	1	
empty tile		
empty tile		
apple tree/hardwood		
apple tree/hardwood		
pine tree/softwood		
pine tree/softwood		
pine tree/softwood		
apple tree/hardwood		
pine tree/softwood		
pine tree/softwood		
pine tree/softwood		
apple tree/hardwood		
empty tile		
empty tile		
empty tile		
empty tile		
empty tile		
empty tile		
empty tile		
empty tile		
empty tile		
apple tree/hardwood		
pine tree/softwood		
pine tree/softwood		
apple tree/hardwood		
pine tree/softwood		
apple tree/hardwood		
pine tree/softwood		
pine tree/softwood		
apple tree/hardwood		
empty tile		
empty tile		
empty tile		
apple tree/hardwood		
apple tree/hardwood		
apple tree/hardwood		
apple tree/hardwood		
pine tree/softwood		
pine tree/softwood		
pine tree/softwood		
pine tree/softwood		
pine tree/softwood		
apple tree/hardwood		
apple tree/hardwood		
apple tree/hardwood		
apple tree/hardwood		
apple tree/hardwood		
apple tree/hardwood		
apple tree/hardwood		
empty tile		
apple tree/hardwood		
apple tree/hardwood		
apple tree/hardwood		
pine tree/softwood		
pine tree/softwood		
pine tree/softwood		
apple tree/hardwood		
apple tree/hardwood		
pine tree/softwood		
pine tree/softwood		
apple tree/hardwood		
apple tree/hardwood		
empty tile		
empty tile		
apple tree/hardwood		
apple tree/hardwood		
apple tree/hardwood		
apple tree/hardwood		
apple tree/hardwood		
pine tree/softwood		
pine tree/softwood		
pine tree/softwood		
pine tree/softwood		
pine tree/softwood		
pine tree/softwood		
apple tree/hardwood		
apple tree/hardwood		
pine tree/softwood		
pine tree/softwood		
apple tree/hardwood		
empty tile		
apple tree/hardwood		
apple tree/hardwood		
apple tree/hardwood		
apple tree/hardwood		
apple tree/hardwood		
apple tree/hardwood		
pine tree/softwood		
apple tree/hardwood		
pine tree/softwood		
pine tree/softwood		
pine tree/softwood		
pine tree/softwood		
apple tree/hardwood		
empty tile		
apple tree/hardwood		
apple tree/hardwood		
apple tree/hardwood		
apple tree/hardwood		
apple tree/hardwood		
apple tree/hardwood		
apple tree/hardwood		
apple tree/hardwood		
apple tree/hardwood		
apple tree/hardwood		
apple tree/hardwood		
apple tree/hardwood		
apple tree/hardwood		
apple tree/hardwood		
apple tree/hardwood		
apple tree/hardwood		
apple tree/hardwood		
empty tile		
apple tree/hardwood		
apple tree/hardwood		
apple tree/hardwood		
apple tree/hardwood		
apple tree/hardwood		
apple tree/hardwood		
pine tree/softwood		
pine tree/softwood		
apple tree/hardwood		
apple tree/hardwood		
apple tree/hardwood		
apple tree/hardwood		
apple tree/hardwood		
apple tree/hardwood		
apple tree/hardwood		
apple tree/hardwood		
apple tree/hardwood		
apple tree/hardwood		
pine tree/softwood		
pine tree/softwood		
pine tree/softwood		
pine tree/softwood		
pine tree/softwood		
pine tree/softwood		
pine tree/softwood		
apple tree/hardwood		
apple tree/hardwood		
pine tree/softwood		
pine tree/softwood		
apple tree/hardwood		
empty tile		
apple tree/hardwood		
apple tree/hardwood		
apple tree/hardwood		
pine tree/softwood		
pine tree/softwood		
pine tree/softwood		
pine tree/softwood		
pine tree/softwood		
pine tree/softwood		
pine tree/softwood		
apple tree/hardwood		
apple tree/hardwood		
apple tree/hardwood		
apple tree/hardwood		
apple tree/hardwood		
apple tree/hardwood		
apple tree/hardwood		
pine tree/softwood		
pine tree/softwood		
pine tree/softwood		
mountain		
mountain		
pine tree/softwood		
pine tree/softwood		
pine tree/softwood		
pine tree/softwood		
pine tree/softwood		
mountain		
mountain		
apple tree/hardwood		
empty tile		
clover		
apple tree/hardwood		
apple tree/hardwood		
pine tree/softwood		
mountain		
pine tree/softwood		
pine tree/softwood		
pine tree/softwood		
pine tree/softwood		
pine tree/softwood		
pine tree/softwood		
apple tree/hardwood		
apple tree/hardwood		
apple tree/hardwood		
apple tree/hardwood		
apple tree/hardwood		
pine tree/softwood		
pine tree/softwood		
pine tree/softwood		
mountain		
mountain		
mountain		
mountain		
pine tree/softwood		
pine tree/softwood		
pine tree/softwood		
pine tree/softwood		
mountain		
mountain		
mountain		
apple tree/hardwood		
empty tile		
apple tree/hardwood		
pine tree/softwood		
pine tree/softwood		
mountain		
mountain		
mountain		
mountain		
pine tree/softwood		
pine tree/softwood		
pine tree/softwood		
apple tree/hardwood		
apple tree/hardwood		
apple tree/hardwood		
apple tree/hardwood		
apple tree/hardwood		
apple tree/hardwood		
pine tree/softwood		
mountain		
mountain		
mountain		
mountain		
mountain		
pine tree/softwood		
pine tree/softwood		
pine tree/softwood		
mountain		
mountain		
mountain		
mountain		
apple tree/hardwood		
empty tile		
apple tree/hardwood		
pine tree/softwood		
mountain		
mountain		
mountain		
mountain		
mountain		
pine tree/softwood		
pine tree/softwood		
apple tree/hardwood		
apple tree/hardwood		
apple tree/hardwood		
apple tree/hardwood		
apple tree/hardwood		
apple tree/hardwood		
apple tree/hardwood		
pine tree/softwood		
pine tree/softwood		
mountain		
mountain		
mountain		
mountain		
pine tree/softwood		
apple tree/hardwood		
pine tree/softwood		
mountain		
mountain		
mountain		
mountain		
apple tree/hardwood		
apple tree/hardwood		
apple tree/hardwood		
pine tree/softwood		
pine tree/softwood		
mountain		
mountain		
mountain		
apple tree/hardwood		
apple tree/hardwood		
apple tree/hardwood		
apple tree/hardwood		
apple tree/hardwood		
apple tree/hardwood		
apple tree/hardwood		
apple tree/hardwood		
apple tree/hardwood		
apple tree/hardwood		
pine tree/softwood		
pine tree/softwood		
pine tree/softwood		
mountain		
mountain		
pine tree/softwood		
apple tree/hardwood		
apple tree/hardwood		
apple tree/hardwood		
apple tree/hardwood		
pine tree/softwood		
pine tree/softwood		
pine tree/softwood		
apple tree/hardwood		
empty tile		
apple tree/hardwood		
apple tree/hardwood		
apple tree/hardwood		
pine tree/softwood		
mountain		
mountain		
apple tree/hardwood		
apple tree/hardwood		
apple tree/hardwood		
apple tree/hardwood		
apple tree/hardwood		
apple tree/hardwood		
apple tree/hardwood		
apple tree/hardwood		
apple tree/hardwood		
empty tile		
apple tree/hardwood		
apple tree/hardwood		
pine tree/softwood		
pine tree/softwood		
pine tree/softwood		
apple tree/hardwood		
apple tree/hardwood		
apple tree/hardwood		
apple tree/hardwood		
apple tree/hardwood		
apple tree/hardwood		
apple tree/hardwood		
apple tree/hardwood		
apple tree/hardwood		
empty tile		
apple tree/hardwood		
apple tree/hardwood		
apple tree/hardwood		
apple tree/hardwood		
apple tree/hardwood		
apple tree/hardwood		
apple tree/hardwood		
apple tree/hardwood		
apple tree/hardwood		
apple tree/hardwood		
horse		
empty tile	1	
apple tree/hardwood		
apple tree/hardwood		
apple tree/hardwood		
apple tree/hardwood		
apple tree/hardwood		
apple tree/hardwood		
apple tree/hardwood		
apple tree/hardwood		
apple tree/hardwood		
apple tree/hardwood		
apple tree/hardwood		
empty tile		
empty tile		
empty tile		
empty tile		
apple tree/hardwood		
apple tree/hardwood		
apple tree/hardwood		
apple tree/hardwood		
empty tile		
empty tile		
apple tree/hardwood		
apple tree/hardwood		
apple tree/hardwood		
apple tree/hardwood		
apple tree/hardwood		
apple tree/hardwood		
apple tree/hardwood		
apple tree/hardwood		
empty tile		
empty tile	1	
apple tree/hardwood		
apple tree/hardwood		
apple tree/hardwood		
empty tile		
empty tile		
apple tree/hardwood		
apple tree/hardwood		
apple tree/hardwood		
empty tile		
empty tile		
empty tile		
empty tile		
empty tile		
euia bank/bank		
empty tile		
empty tile		
empty tile		
empty tile		
empty tile		
empty tile		
empty tile		
empty tile		
empty tile		
apple tree/hardwood		
apple tree/hardwood		
apple tree/hardwood		
empty tile		
empty tile		
empty tile		
empty tile		
empty tile	1	
apple tree/hardwood		
apple tree/hardwood		
apple tree/hardwood		
apple tree/hardwood		
apple tree/hardwood		
apple tree/hardwood		
apple tree/hardwood		
apple tree/hardwood		
apple tree/hardwood		
empty tile		
empty tile		
empty tile		
empty tile		
empty tile		
empty tile		
empty tile		
empty tile		
empty tile		
observatory		
empty tile		
empty tile		
empty tile		
empty tile		
empty tile		
empty tile		
empty tile		
empty tile		
kris and lydia		
kitty		
empty tile		
empty tile	1	
empty tile		
apple tree/hardwood		
apple tree/hardwood		
empty tile		
apple tree/hardwood		
apple tree/hardwood		
empty tile		
empty tile		
empty tile		
apple tree/hardwood		
empty tile		
empty tile		
empty tile		
empty tile		
empty tile		
empty tile		
empty tile		
empty tile		
empty tile		
empty tile		
empty tile		
empty tile		
empty tile		
empty tile		
empty tile		
empty tile		
empty tile		
empty tile		
empty tile		
empty tile		
empty tile	1	
empty tile		
apple tree/hardwood		
apple tree/hardwood		
apple tree/hardwood		
apple tree/hardwood		
apple tree/hardwood		
empty tile		
pear tree/hardwood		
empty tile		
empty tile		
empty tile		
empty tile		
empty tile		
empty tile		
major		
castle		
captain		
empty tile		
empty tile	1	
empty tile	1	
empty tile		
empty tile		
empty tile	1	
glub	1	
empty tile	1	
empty tile	1	
empty tile		
empty tile		
empty tile	1	
empty tile	1	
empty tile	1	
empty tile		
apple tree/hardwood		
empty tile		
empty tile		
apple tree/hardwood		
apple tree/hardwood		
empty tile		
empty tile		
empty tile		
apple tree/hardwood		
empty tile		
empty tile		
empty tile		
empty tile		
empty tile		
empty tile		
empty tile		
empty tile		
empty tile		
empty tile	1	
empty tile	1	
empty tile	1	
empty tile	1	
empty tile		
empty tile		
empty tile	1	
empty tile	1	
empty tile	1	
empty tile	1	
empty tile	1	
empty tile	1	
apple tree/hardwood		
apple tree/hardwood		
apple tree/hardwood		
empty tile		
apple tree/hardwood		
apple tree/hardwood		
apple tree/hardwood		
apple tree/hardwood		
apple tree/hardwood		
empty tile		
empty tile		
empty tile		
empty tile		
empty tile		
empty tile		
empty tile		
empty tile		
empty tile		
empty tile		
empty tile		
empty tile		
empty tile		
empty tile		
empty tile		
empty tile		
empty tile		
empty tile		
empty tile		
empty tile		
empty tile	1	
empty tile	1	
apple tree/hardwood		
apple tree/hardwood		
empty tile		
apple tree/hardwood		
apple tree/hardwood		
apple tree/hardwood		
apple tree/hardwood		
apple tree/hardwood		
apple tree/hardwood		
apple tree/hardwood		
apple tree/hardwood		
apple tree/hardwood		
empty tile		
empty tile		
empty tile		
euia forge/forge		
empty tile		
empty tile		
empty tile		
empty tile		
empty tile		
empty tile		
empty tile		
empty tile		
empty tile		
apple tree/hardwood		
empty tile		
empty tile		
empty tile		
parrot		
empty tile	1	
apple tree/hardwood		
apple tree/hardwood		
apple tree/hardwood		
apple tree/hardwood		
apple tree/hardwood		
apple tree/hardwood		
apple tree/hardwood		
apple tree/hardwood		
apple tree/hardwood		
apple tree/hardwood		
empty tile		
empty tile		
empty tile		
apple tree/hardwood		
empty tile		
empty tile		
empty tile		
empty tile		
empty tile		
empty tile		
empty tile		
empty tile		
apple tree/hardwood		
apple tree/hardwood		
apple tree/hardwood		
apple tree/hardwood		
apple tree/hardwood		
empty tile		
empty tile		
empty tile		
empty tile	1	
apple tree/hardwood		
apple tree/hardwood		
apple tree/hardwood		
empty tile		
pine tree/softwood		
apple tree/hardwood		
pine tree/softwood		
pine tree/softwood		
apple tree/hardwood		
apple tree/hardwood		
ewe/sheep		
empty tile		
ram/sheep		
apple tree/hardwood		
apple tree/hardwood		
apple tree/hardwood		
apple tree/hardwood		
empty tile		
empty tile		
apple tree/hardwood		
apple tree/hardwood		
apple tree/hardwood		
apple tree/hardwood		
apple tree/hardwood		
empty tile		
apple tree/hardwood		
apple tree/hardwood		
justin/clock		
empty tile		
empty tile		
empty tile	1	
apple tree/hardwood		
apple tree/hardwood		
apple tree/hardwood		
pine tree/softwood		
pine tree/softwood		
apple tree/hardwood		
pine tree/softwood		
pine tree/softwood		
pine tree/softwood		
pine tree/softwood		
apple tree/hardwood		
apple tree/hardwood		
apple tree/hardwood		
apple tree/hardwood		
empty tile		
apple tree/hardwood		
apple tree/hardwood		
empty tile		
apple tree/hardwood		
apple tree/hardwood		
apple tree/hardwood		
apple tree/hardwood		
pine tree/softwood		
mountain		
mountain		
apple tree/hardwood		
pine tree/softwood		
apple tree/hardwood		
empty tile		
empty tile		
empty tile	1	
apple tree/hardwood		
apple tree/hardwood		
apple tree/hardwood		
apple tree/hardwood		
pine tree/softwood		
pine tree/softwood		
mountain		
mountain		
mountain		
empty tile		
pine tree/softwood		
apple tree/hardwood		
apple tree/hardwood		
pine tree/softwood		
pine tree/softwood		
mountain		
mountain		
empty tile		
miner		
apple tree/hardwood		
apple tree/hardwood		
pine tree/softwood		
mountain		
mountain		
mountain		
pine tree/softwood		
apple tree/hardwood		
apple tree/hardwood		
apple tree/hardwood		
apple tree/hardwood		
apple tree/hardwood		
apple tree/hardwood		
apple tree/hardwood		
empty tile		
apple tree/hardwood		
pine tree/softwood		
pine tree/softwood		
mountain		
mountain		
mountain		
pine tree/softwood		
apple tree/hardwood		
apple tree/hardwood		
apple tree/hardwood		
pine tree/softwood		
mountain		
mountain		
mountain		
empty tile		
boulder		
apple tree/hardwood		
apple tree/hardwood		
pine tree/softwood		
mountain		
mountain		
mountain		
pine tree/softwood		
pine tree/softwood		
apple tree/hardwood		
apple tree/hardwood		
apple tree/hardwood		
apple tree/hardwood		
apple tree/hardwood		
apple tree/hardwood		
apple tree/hardwood		
apple tree/hardwood		
pine tree/softwood		
pine tree/softwood		
mountain		
mountain		
mountain		
apple tree/hardwood		
pine tree/softwood		
apple tree/hardwood		
pine tree/softwood		
pine tree/softwood		
pine tree/softwood		
mountain		
boulder		
apple tree/hardwood		
apple tree/hardwood		
apple tree/hardwood		
apple tree/hardwood		
pine tree/softwood		
mountain		
mountain		
mountain		
pine tree/softwood		
pine tree/softwood		
pine tree/softwood		
apple tree/hardwood		
apple tree/hardwood		
apple tree/hardwood		
apple tree/hardwood		
apple tree/hardwood		
apple tree/hardwood		
apple tree/hardwood		
apple tree/hardwood		
pine tree/softwood		
pine tree/softwood		
pine tree/softwood		
pine tree/softwood		
pine tree/softwood		
apple tree/hardwood		
apple tree/hardwood		
apple tree/hardwood		
apple tree/hardwood		
pine tree/softwood		
pine tree/softwood		
apple tree/hardwood		
apple tree/hardwood		
apple tree/hardwood		
apple tree/hardwood		
apple tree/hardwood		
pine tree/softwood		
pine tree/softwood		
pine tree/softwood		
pine tree/softwood		
pine tree/softwood		
pine tree/softwood		
apple tree/hardwood		
apple tree/hardwood		
apple tree/hardwood		
apple tree/hardwood		
apple tree/hardwood		
apple tree/hardwood		
apple tree/hardwood		
apple tree/hardwood		
apple tree/hardwood		
pine tree/softwood		
pine tree/softwood		
apple tree/hardwood		
apple tree/hardwood		
apple tree/hardwood		
apple tree/hardwood		
pine tree/softwood		
apple tree/hardwood		
apple tree/hardwood		
apple tree/hardwood		
pine tree/softwood		
apple tree/hardwood		
apple tree/hardwood		
apple tree/hardwood		
apple tree/hardwood		
apple tree/hardwood		
pine tree/softwood		
pine tree/softwood		
apple tree/hardwood		
apple tree/hardwood		
pine tree/softwood		
apple tree/hardwood		
apple tree/hardwood		
apple tree/hardwood		
apple tree/hardwood		
apple tree/hardwood		
apple tree/hardwood		
apple tree/hardwood		
apple tree/hardwood		
apple tree/hardwood		
apple tree/hardwood		
apple tree/hardwood		
apple tree/hardwood		
apple tree/hardwood		
empty tile		
apple tree/hardwood		
apple tree/hardwood		
pine tree/softwood		
pine tree/softwood		
pine tree/softwood		
apple tree/hardwood		
apple tree/hardwood		
apple tree/hardwood		
apple tree/hardwood		
apple tree/hardwood		
pine tree/softwood		
pine tree/softwood		
apple tree/hardwood		
apple tree/hardwood		
apple tree/hardwood		
apple tree/hardwood		
apple tree/hardwood		
apple tree/hardwood		
apple tree/hardwood		
empty tile		
apple tree/hardwood		
apple tree/hardwood		
apple tree/hardwood		
apple tree/hardwood		
apple tree/hardwood		
apple tree/hardwood		
apple tree/hardwood		
apple tree/hardwood		
apple tree/hardwood		
apple tree/hardwood		
apple tree/hardwood		
apple tree/hardwood		
apple tree/hardwood		
apple tree/hardwood		
apple tree/hardwood		
apple tree/hardwood		
apple tree/hardwood		
apple tree/hardwood		
apple tree/hardwood		
apple tree/hardwood		
apple tree/hardwood		
apple tree/hardwood		
apple tree/hardwood		
apple tree/hardwood		
apple tree/hardwood		
apple tree/hardwood		
apple tree/hardwood		
apple tree/hardwood		
apple tree/hardwood		
apple tree/hardwood		
apple tree/hardwood		
apple tree/hardwood		
apple tree/hardwood		
apple tree/hardwood		
apple tree/hardwood		
apple tree/hardwood		
apple tree/hardwood		
apple tree/hardwood		
apple tree/hardwood		
apple tree/hardwood		
apple tree/hardwood		
apple tree/hardwood		
apple tree/hardwood		
apple tree/hardwood		
apple tree/hardwood		
empty tile		
apple tree/hardwood		
empty tile		
apple tree/hardwood		
apple tree/hardwood		
apple tree/hardwood		
apple tree/hardwood		
apple tree/hardwood		
apple tree/hardwood		
apple tree/hardwood		
apple tree/hardwood		
apple tree/hardwood		
apple tree/hardwood		
apple tree/hardwood		
apple tree/hardwood		
apple tree/hardwood		
apple tree/hardwood		
empty tile		
empty tile		
empty tile		
apple tree/hardwood		
apple tree/hardwood		
apple tree/hardwood		
apple tree/hardwood		
apple tree/hardwood		
apple tree/hardwood		
apple tree/hardwood		
apple tree/hardwood		
apple tree/hardwood		
apple tree/hardwood		
apple tree/hardwood		
apple tree/hardwood		
apple tree/hardwood		
apple tree/hardwood		
apple tree/hardwood		
apple tree/hardwood		
apple tree/hardwood		
apple tree/hardwood		
apple tree/hardwood		
apple tree/hardwood		
apple tree/hardwood		
apple tree/hardwood		
apple tree/hardwood		
apple tree/hardwood		
apple tree/hardwood		
apple tree/hardwood		
apple tree/hardwood		
empty tile		
empty tile		
empty tile		
